IsGot,numberOfCountries,numberOfRegions,timeCost,isTimeOut,solutionExists,Path,Query
True,1,0,0.0362,False,True,"[761, 762, 763, 6104, 2976]","{'days': [], 'countries': [{'country_id': 28, 'day': None}], 'regions': [], 'pois': [], 'regionNotGo': [], 'poiNotGo': [], 'regionSorted': [], 'availableMonths': [], 'price': [724, 38271], 'hotelRating': None, 'arrivalRegionId': 2, 'departRegionId': 2}"
True,1,0,0.0009,False,True,"[694, 2501]","{'days': [], 'countries': [{'country_id': 28, 'day': None}], 'regions': [], 'pois': [], 'regionNotGo': [], 'poiNotGo': [], 'regionSorted': [], 'availableMonths': [], 'price': [], 'hotelRating': None, 'arrivalRegionId': None, 'departRegionId': None}"
False,1,0,20.0104,True,unknown,[],"{'days': [], 'countries': [{'country_id': 28, 'day': None}], 'regions': [], 'pois': ['2080'], 'regionNotGo': [], 'poiNotGo': [], 'regionSorted': [], 'availableMonths': [], 'price': [724, 39788], 'hotelRating': None, 'arrivalRegionId': 2, 'departRegionId': 27}"
True,1,0,0.001,False,True,"[694, 2501]","{'days': [], 'countries': [{'country_id': 28, 'day': None}], 'regions': [], 'pois': [], 'regionNotGo': [], 'poiNotGo': [], 'regionSorted': [], 'availableMonths': [], 'price': [724, 39788], 'hotelRating': None, 'arrivalRegionId': None, 'departRegionId': None}"
False,1,0,20.0098,True,unknown,[],"{'days': [], 'countries': [{'country_id': 28, 'day': None}], 'regions': [], 'pois': ['2080'], 'regionNotGo': [], 'poiNotGo': [], 'regionSorted': [], 'availableMonths': [], 'price': [724, 39788], 'hotelRating': None, 'arrivalRegionId': 27, 'departRegionId': 27}"
False,1,0,20.0074,True,unknown,[],"{'days': [], 'countries': [{'country_id': 28, 'day': None}], 'regions': [], 'pois': ['2080'], 'regionNotGo': [], 'poiNotGo': [], 'regionSorted': [], 'availableMonths': [], 'price': [724, 39788], 'hotelRating': None, 'arrivalRegionId': 27, 'departRegionId': 27}"
True,1,0,0.0256,False,True,"[173, 5075, 3917, 3918]","{'days': [], 'countries': [{'country_id': 2, 'day': None}], 'regions': [], 'pois': [], 'regionNotGo': [], 'poiNotGo': [], 'regionSorted': [], 'availableMonths': [], 'price': [], 'hotelRating': None, 'arrivalRegionId': None, 'departRegionId': None}"
True,1,0,0.0282,False,True,"[173, 5075, 3917, 3918]","{'days': [], 'countries': [{'country_id': 2, 'day': None}], 'regions': [], 'pois': [], 'regionNotGo': [], 'poiNotGo': [], 'regionSorted': [], 'availableMonths': [], 'price': [], 'hotelRating': None, 'arrivalRegionId': None, 'departRegionId': None}"
True,1,0,0.0313,False,True,"[164, 165, 1426, 167]","{'days': [], 'countries': [{'country_id': 17, 'day': None}], 'regions': [], 'pois': [], 'regionNotGo': [], 'poiNotGo': [], 'regionSorted': [], 'availableMonths': [], 'price': [], 'hotelRating': None, 'arrivalRegionId': None, 'departRegionId': None}"
True,1,0,0.0318,False,True,"[164, 165, 1426, 167]","{'days': [], 'countries': [{'country_id': 17, 'day': None}], 'regions': [], 'pois': [], 'regionNotGo': [], 'poiNotGo': [], 'regionSorted': [], 'availableMonths': [], 'price': [], 'hotelRating': None, 'arrivalRegionId': None, 'departRegionId': None}"
True,1,0,0.0272,False,True,"[173, 5075, 3917, 3918]","{'days': [], 'countries': [{'country_id': 2, 'day': None}], 'regions': [], 'pois': [], 'regionNotGo': [], 'poiNotGo': [], 'regionSorted': [], 'availableMonths': [], 'price': [], 'hotelRating': None, 'arrivalRegionId': None, 'departRegionId': None}"
True,1,0,0.0309,False,True,"[164, 165, 1426, 167]","{'days': [], 'countries': [{'country_id': 17, 'day': None}], 'regions': [], 'pois': [], 'regionNotGo': [], 'poiNotGo': [], 'regionSorted': [], 'availableMonths': [], 'price': [1584, 16804], 'hotelRating': None, 'arrivalRegionId': None, 'departRegionId': None}"
True,1,0,0.0258,False,True,"[173, 5075, 3917, 3918]","{'days': [], 'countries': [{'country_id': 2, 'day': None}], 'regions': [], 'pois': [], 'regionNotGo': [], 'poiNotGo': [], 'regionSorted': [], 'availableMonths': [], 'price': [], 'hotelRating': None, 'arrivalRegionId': None, 'departRegionId': None}"
True,1,0,0.0281,False,True,"[173, 5075, 3917, 3918]","{'days': [], 'countries': [{'country_id': 2, 'day': None}], 'regions': [], 'pois': [], 'regionNotGo': [], 'poiNotGo': [], 'regionSorted': [], 'availableMonths': [], 'price': [], 'hotelRating': None, 'arrivalRegionId': None, 'departRegionId': None}"
True,1,0,0.0286,False,True,"[173, 5075, 3917, 3918]","{'days': [], 'countries': [{'country_id': 2, 'day': None}], 'regions': [], 'pois': [], 'regionNotGo': [], 'poiNotGo': [], 'regionSorted': [], 'availableMonths': [], 'price': [], 'hotelRating': None, 'arrivalRegionId': None, 'departRegionId': None}"
True,1,0,0.0305,False,True,"[173, 5075, 3917, 3918]","{'days': [], 'countries': [{'country_id': 2, 'day': None}], 'regions': [], 'pois': [], 'regionNotGo': [], 'poiNotGo': [], 'regionSorted': [], 'availableMonths': [], 'price': [1796, 24438], 'hotelRating': None, 'arrivalRegionId': None, 'departRegionId': None}"
True,2,0,0.0004,False,True,"[249, 250]","{'days': [], 'countries': [{'country_id': 9, 'day': None}, {'country_id': 19, 'day': None}], 'regions': [], 'pois': [], 'regionNotGo': [], 'poiNotGo': [], 'regionSorted': [], 'availableMonths': [], 'price': [2644, 19250], 'hotelRating': None, 'arrivalRegionId': None, 'departRegionId': None}"
True,1,0,0.0274,False,True,"[173, 5075, 3917, 3918]","{'days': [], 'countries': [{'country_id': 2, 'day': None}], 'regions': [], 'pois': [], 'regionNotGo': [], 'poiNotGo': [], 'regionSorted': [], 'availableMonths': [], 'price': [1796, 24438], 'hotelRating': None, 'arrivalRegionId': None, 'departRegionId': None}"
True,1,0,0.0289,False,True,"[173, 5075, 3917, 3918]","{'days': [], 'countries': [{'country_id': 2, 'day': None}], 'regions': [], 'pois': [], 'regionNotGo': [], 'poiNotGo': [], 'regionSorted': [], 'availableMonths': [], 'price': [1796, 24438], 'hotelRating': None, 'arrivalRegionId': None, 'departRegionId': None}"
True,1,0,0.0296,False,True,"[173, 5075, 3917, 3918]","{'days': [], 'countries': [{'country_id': 2, 'day': None}], 'regions': [], 'pois': [], 'regionNotGo': [], 'poiNotGo': [], 'regionSorted': [], 'availableMonths': [], 'price': [1796, 24438], 'hotelRating': None, 'arrivalRegionId': None, 'departRegionId': None}"
True,1,0,0.0301,False,True,"[173, 5075, 3917, 3918]","{'days': [], 'countries': [{'country_id': 2, 'day': None}], 'regions': [], 'pois': [], 'regionNotGo': [], 'poiNotGo': [], 'regionSorted': [], 'availableMonths': [], 'price': [], 'hotelRating': None, 'arrivalRegionId': None, 'departRegionId': None}"
True,1,0,0.0286,False,True,"[173, 5075, 3917, 3918]","{'days': [], 'countries': [{'country_id': 2, 'day': None}], 'regions': [], 'pois': [], 'regionNotGo': [], 'poiNotGo': [], 'regionSorted': [], 'availableMonths': [], 'price': [], 'hotelRating': None, 'arrivalRegionId': None, 'departRegionId': None}"
True,1,0,0.0292,False,True,"[173, 5075, 3917, 3918]","{'days': [], 'countries': [{'country_id': 2, 'day': None}], 'regions': [], 'pois': [], 'regionNotGo': [], 'poiNotGo': [], 'regionSorted': [], 'availableMonths': [], 'price': [], 'hotelRating': None, 'arrivalRegionId': None, 'departRegionId': None}"
True,1,0,0.0274,False,True,"[173, 5075, 3917, 3918]","{'days': [], 'countries': [{'country_id': 2, 'day': None}], 'regions': [], 'pois': [], 'regionNotGo': [], 'poiNotGo': [], 'regionSorted': [], 'availableMonths': [], 'price': [], 'hotelRating': None, 'arrivalRegionId': None, 'departRegionId': None}"
True,1,0,0.029,False,True,"[173, 5075, 3917, 3918]","{'days': [], 'countries': [{'country_id': 2, 'day': None}], 'regions': [], 'pois': [], 'regionNotGo': [], 'poiNotGo': [], 'regionSorted': [], 'availableMonths': [], 'price': [], 'hotelRating': None, 'arrivalRegionId': None, 'departRegionId': None}"
True,1,0,0.0282,False,True,"[173, 5075, 3917, 3918]","{'days': [], 'countries': [{'country_id': 2, 'day': None}], 'regions': [], 'pois': [], 'regionNotGo': [], 'poiNotGo': [], 'regionSorted': [], 'availableMonths': [], 'price': [], 'hotelRating': None, 'arrivalRegionId': None, 'departRegionId': None}"
True,1,0,0.0281,False,True,"[173, 5075, 3917, 3918]","{'days': [], 'countries': [{'country_id': 2, 'day': None}], 'regions': [], 'pois': [], 'regionNotGo': [], 'poiNotGo': [], 'regionSorted': [], 'availableMonths': [], 'price': [], 'hotelRating': None, 'arrivalRegionId': None, 'departRegionId': None}"
True,1,0,0.0262,False,True,"[173, 5075, 3917, 3918]","{'days': [], 'countries': [{'country_id': 2, 'day': None}], 'regions': [], 'pois': [], 'regionNotGo': [], 'poiNotGo': [], 'regionSorted': [], 'availableMonths': [], 'price': [], 'hotelRating': None, 'arrivalRegionId': None, 'departRegionId': None}"
True,1,0,0.0005,False,True,"[249, 250]","{'days': [], 'countries': [{'country_id': 9, 'day': None}], 'regions': [], 'pois': [], 'regionNotGo': [], 'poiNotGo': [], 'regionSorted': [], 'availableMonths': [], 'price': [], 'hotelRating': None, 'arrivalRegionId': None, 'departRegionId': None}"
True,1,0,0.0005,False,True,"[249, 250]","{'days': [], 'countries': [{'country_id': 9, 'day': None}], 'regions': [], 'pois': [], 'regionNotGo': [], 'poiNotGo': [], 'regionSorted': [], 'availableMonths': [], 'price': [1886, 25660], 'hotelRating': None, 'arrivalRegionId': None, 'departRegionId': None}"
True,1,0,0.0278,False,True,"[173, 5075, 3917, 3918]","{'days': [], 'countries': [{'country_id': 2, 'day': None}], 'regions': [], 'pois': [], 'regionNotGo': [], 'poiNotGo': [], 'regionSorted': [], 'availableMonths': [], 'price': [], 'hotelRating': None, 'arrivalRegionId': None, 'departRegionId': None}"
True,1,0,0.0279,False,True,"[173, 5075, 3917, 3918]","{'days': [], 'countries': [{'country_id': 2, 'day': None}], 'regions': [], 'pois': [], 'regionNotGo': [], 'poiNotGo': [], 'regionSorted': [], 'availableMonths': [], 'price': [], 'hotelRating': None, 'arrivalRegionId': None, 'departRegionId': None}"
True,1,0,0.0005,False,True,"[249, 250]","{'days': [], 'countries': [{'country_id': 9, 'day': None}], 'regions': [], 'pois': [], 'regionNotGo': [], 'poiNotGo': [], 'regionSorted': [], 'availableMonths': [], 'price': [], 'hotelRating': None, 'arrivalRegionId': None, 'departRegionId': None}"
True,1,0,0.0271,False,True,"[173, 5075, 3917, 3918]","{'days': [], 'countries': [{'country_id': 2, 'day': None}], 'regions': [], 'pois': [], 'regionNotGo': [], 'poiNotGo': [], 'regionSorted': [], 'availableMonths': [], 'price': [], 'hotelRating': None, 'arrivalRegionId': None, 'departRegionId': None}"
True,1,0,0.0297,False,True,"[173, 5075, 3917, 3918]","{'days': [], 'countries': [{'country_id': 2, 'day': None}], 'regions': [], 'pois': [], 'regionNotGo': [], 'poiNotGo': [], 'regionSorted': [], 'availableMonths': [], 'price': [], 'hotelRating': None, 'arrivalRegionId': None, 'departRegionId': None}"
False,1,3,20.0094,True,unknown,[],"{'days': [], 'countries': [{'country_id': 9, 'day': None}], 'regions': [{'region_id': 8, 'day': None}, {'region_id': 9, 'day': None}, {'region_id': 7, 'day': None}], 'pois': [], 'regionNotGo': [], 'poiNotGo': [], 'regionSorted': [], 'availableMonths': [], 'price': [1152, 21449], 'hotelRating': None, 'arrivalRegionId': 8, 'departRegionId': 8}"
True,1,0,0.0005,False,True,"[249, 250]","{'days': [], 'countries': [{'country_id': 9, 'day': None}], 'regions': [], 'pois': [], 'regionNotGo': [], 'poiNotGo': [], 'regionSorted': [], 'availableMonths': [], 'price': [], 'hotelRating': None, 'arrivalRegionId': None, 'departRegionId': None}"
False,1,2,20.0003,True,unknown,[],"{'days': [], 'countries': [{'country_id': 9, 'day': None}], 'regions': [{'region_id': 8, 'day': None}, {'region_id': 7, 'day': None}], 'pois': [], 'regionNotGo': [], 'poiNotGo': [], 'regionSorted': [], 'availableMonths': [], 'price': [1886, 25660], 'hotelRating': None, 'arrivalRegionId': 8, 'departRegionId': None}"
True,1,0,0.0004,False,True,"[249, 250]","{'days': [], 'countries': [{'country_id': 9, 'day': None}], 'regions': [], 'pois': [], 'regionNotGo': [], 'poiNotGo': [], 'regionSorted': [], 'availableMonths': [], 'price': [1210, 22521], 'hotelRating': None, 'arrivalRegionId': None, 'departRegionId': None}"
False,1,3,20.0002,True,unknown,[],"{'days': [], 'countries': [{'country_id': 9, 'day': None}], 'regions': [{'region_id': 8, 'day': None}, {'region_id': 9, 'day': None}, {'region_id': 7, 'day': None}], 'pois': [], 'regionNotGo': [], 'poiNotGo': [], 'regionSorted': [], 'availableMonths': [], 'price': [1152, 21449], 'hotelRating': None, 'arrivalRegionId': 8, 'departRegionId': 8}"
True,1,0,0.0255,False,True,"[173, 5075, 3917, 3918]","{'days': [], 'countries': [{'country_id': 2, 'day': None}], 'regions': [], 'pois': [], 'regionNotGo': [], 'poiNotGo': [], 'regionSorted': [], 'availableMonths': [], 'price': [], 'hotelRating': None, 'arrivalRegionId': None, 'departRegionId': None}"
True,1,0,0.0296,False,True,"[173, 5075, 3917, 3918]","{'days': [], 'countries': [{'country_id': 2, 'day': None}], 'regions': [], 'pois': [], 'regionNotGo': [], 'poiNotGo': [], 'regionSorted': [], 'availableMonths': [], 'price': [], 'hotelRating': None, 'arrivalRegionId': None, 'departRegionId': None}"
False,1,2,20.0019,True,unknown,[],"{'days': [], 'countries': [{'country_id': 9, 'day': None}], 'regions': [{'region_id': 8, 'day': None}, {'region_id': 9, 'day': None}], 'pois': [], 'regionNotGo': [], 'poiNotGo': [], 'regionSorted': [], 'availableMonths': [], 'price': [1152, 21449], 'hotelRating': None, 'arrivalRegionId': 8, 'departRegionId': 8}"
True,1,0,0.0249,False,True,"[173, 5075, 3917, 3918]","{'days': [], 'countries': [{'country_id': 2, 'day': None}], 'regions': [], 'pois': [], 'regionNotGo': [], 'poiNotGo': [], 'regionSorted': [], 'availableMonths': [], 'price': [], 'hotelRating': None, 'arrivalRegionId': None, 'departRegionId': None}"
True,1,0,0.0281,False,True,"[173, 5075, 3917, 3918]","{'days': [], 'countries': [{'country_id': 2, 'day': None}], 'regions': [], 'pois': [], 'regionNotGo': [], 'poiNotGo': [], 'regionSorted': [], 'availableMonths': [], 'price': [], 'hotelRating': None, 'arrivalRegionId': None, 'departRegionId': None}"
False,1,2,20.0008,True,unknown,[],"{'days': [], 'countries': [{'country_id': 9, 'day': None}], 'regions': [{'region_id': 8, 'day': None}, {'region_id': 9, 'day': None}], 'pois': [], 'regionNotGo': [], 'poiNotGo': [], 'regionSorted': [], 'availableMonths': [], 'price': [1152, 21449], 'hotelRating': None, 'arrivalRegionId': 8, 'departRegionId': 8}"
False,1,2,20.0004,True,unknown,[],"{'days': [], 'countries': [{'country_id': 9, 'day': None}], 'regions': [{'region_id': 8, 'day': None}, {'region_id': 9, 'day': None}], 'pois': [], 'regionNotGo': [], 'poiNotGo': [], 'regionSorted': [], 'availableMonths': [], 'price': [1152, 21449], 'hotelRating': None, 'arrivalRegionId': 8, 'departRegionId': 8}"
False,1,2,20.0012,True,unknown,[],"{'days': [], 'countries': [{'country_id': 9, 'day': None}], 'regions': [{'region_id': 8, 'day': None}, {'region_id': 9, 'day': None}], 'pois': [], 'regionNotGo': [], 'poiNotGo': [], 'regionSorted': [], 'availableMonths': [], 'price': [1210, 22521], 'hotelRating': None, 'arrivalRegionId': None, 'departRegionId': None}"
True,1,0,0.0283,False,True,"[173, 5075, 3917, 3918]","{'days': [], 'countries': [{'country_id': 2, 'day': None}], 'regions': [], 'pois': [], 'regionNotGo': [], 'poiNotGo': [], 'regionSorted': [], 'availableMonths': [], 'price': [], 'hotelRating': None, 'arrivalRegionId': None, 'departRegionId': None}"
True,1,0,0.0276,False,True,"[173, 5075, 3917, 3918]","{'days': [], 'countries': [{'country_id': 2, 'day': None}], 'regions': [], 'pois': [], 'regionNotGo': [], 'poiNotGo': [], 'regionSorted': [], 'availableMonths': [], 'price': [], 'hotelRating': None, 'arrivalRegionId': None, 'departRegionId': None}"
True,1,0,0.0272,False,True,"[173, 5075, 3917, 3918]","{'days': [], 'countries': [{'country_id': 2, 'day': None}], 'regions': [], 'pois': [], 'regionNotGo': [], 'poiNotGo': [], 'regionSorted': [], 'availableMonths': [], 'price': [], 'hotelRating': None, 'arrivalRegionId': None, 'departRegionId': None}"
True,1,0,0.0278,False,True,"[173, 5075, 3917, 3918]","{'days': [], 'countries': [{'country_id': 2, 'day': None}], 'regions': [], 'pois': [], 'regionNotGo': [], 'poiNotGo': [], 'regionSorted': [], 'availableMonths': [], 'price': [], 'hotelRating': None, 'arrivalRegionId': None, 'departRegionId': None}"
True,1,0,0.0283,False,True,"[173, 5075, 3917, 3918]","{'days': [], 'countries': [{'country_id': 2, 'day': None}], 'regions': [], 'pois': [], 'regionNotGo': [], 'poiNotGo': [], 'regionSorted': [], 'availableMonths': [], 'price': [], 'hotelRating': None, 'arrivalRegionId': None, 'departRegionId': None}"
False,1,2,20.0005,True,unknown,[],"{'days': [], 'countries': [{'country_id': 9, 'day': None}], 'regions': [{'region_id': 8, 'day': None}, {'region_id': 9, 'day': None}], 'pois': [], 'regionNotGo': [], 'poiNotGo': [], 'regionSorted': [], 'availableMonths': [], 'price': [1152, 21449], 'hotelRating': None, 'arrivalRegionId': 8, 'departRegionId': 8}"
True,1,0,0.0025,False,True,"[146, 670]","{'days': [], 'countries': [{'country_id': 22, 'day': None}], 'regions': [], 'pois': [], 'regionNotGo': [], 'poiNotGo': [], 'regionSorted': [], 'availableMonths': [], 'price': [], 'hotelRating': None, 'arrivalRegionId': None, 'departRegionId': None}"
False,1,3,20.003,True,unknown,[],"{'days': [], 'countries': [{'country_id': 9, 'day': None}], 'regions': [{'region_id': 8, 'day': None}, {'region_id': 9, 'day': None}, {'region_id': 7, 'day': None}], 'pois': ['747', '950', '812', '740', '813', '820', '835', '1072', '1516', '1531'], 'regionNotGo': [], 'poiNotGo': [], 'regionSorted': [], 'availableMonths': [], 'price': [1210, 22521], 'hotelRating': None, 'arrivalRegionId': 8, 'departRegionId': 8}"
True,1,0,0.0022,False,True,"[146, 670]","{'days': [], 'countries': [{'country_id': 22, 'day': None}], 'regions': [], 'pois': [], 'regionNotGo': [], 'poiNotGo': [], 'regionSorted': [], 'availableMonths': [], 'price': [1873, 15861], 'hotelRating': None, 'arrivalRegionId': 17, 'departRegionId': 18}"
True,1,0,0.0277,False,True,"[173, 5075, 3917, 3918]","{'days': [], 'countries': [{'country_id': 2, 'day': None}], 'regions': [], 'pois': [], 'regionNotGo': [], 'poiNotGo': [], 'regionSorted': [], 'availableMonths': [], 'price': [], 'hotelRating': None, 'arrivalRegionId': None, 'departRegionId': None}"
True,2,0,0.003,False,True,"[146, 670]","{'days': [], 'countries': [{'country_id': 9, 'day': None}, {'country_id': 22, 'day': None}], 'regions': [], 'pois': [], 'regionNotGo': [], 'poiNotGo': [], 'regionSorted': [], 'availableMonths': [], 'price': [], 'hotelRating': None, 'arrivalRegionId': None, 'departRegionId': None}"
True,2,0,0.0025,False,True,"[146, 670]","{'days': [], 'countries': [{'country_id': 9, 'day': None}, {'country_id': 22, 'day': None}], 'regions': [], 'pois': [], 'regionNotGo': [], 'poiNotGo': [], 'regionSorted': [], 'availableMonths': [], 'price': [5977, 28251], 'hotelRating': None, 'arrivalRegionId': None, 'departRegionId': None}"
False,1,2,20.002,True,unknown,[],"{'days': [], 'countries': [{'country_id': 9, 'day': None}], 'regions': [{'region_id': 8, 'day': None}, {'region_id': 7, 'day': None}], 'pois': [], 'regionNotGo': [], 'poiNotGo': [], 'regionSorted': [], 'availableMonths': [], 'price': [1886, 25660], 'hotelRating': None, 'arrivalRegionId': 8, 'departRegionId': None}"
False,1,2,20.0014,True,unknown,[],"{'days': [], 'countries': [{'country_id': 9, 'day': None}], 'regions': [{'region_id': 8, 'day': None}, {'region_id': 7, 'day': None}], 'pois': [], 'regionNotGo': [], 'poiNotGo': [], 'regionSorted': [], 'availableMonths': [], 'price': [1886, 25660], 'hotelRating': None, 'arrivalRegionId': 8, 'departRegionId': None}"
False,1,1,20.0017,True,unknown,[],"{'days': [], 'countries': [{'country_id': 28, 'day': None}], 'regions': [{'region_id': 27, 'day': None}], 'pois': [], 'regionNotGo': [], 'poiNotGo': [], 'regionSorted': [], 'availableMonths': [], 'price': [724, 39788], 'hotelRating': None, 'arrivalRegionId': 27, 'departRegionId': 27}"
False,1,1,20.0018,True,unknown,[],"{'days': [], 'countries': [{'country_id': 28, 'day': None}], 'regions': [{'region_id': 27, 'day': None}], 'pois': [], 'regionNotGo': [], 'poiNotGo': [], 'regionSorted': [], 'availableMonths': [], 'price': [724, 39788], 'hotelRating': None, 'arrivalRegionId': 27, 'departRegionId': 27}"
False,1,1,20.0016,True,unknown,[],"{'days': [], 'countries': [{'country_id': 28, 'day': None}], 'regions': [{'region_id': 27, 'day': None}], 'pois': [], 'regionNotGo': [], 'poiNotGo': [], 'regionSorted': [], 'availableMonths': [], 'price': [724, 39788], 'hotelRating': None, 'arrivalRegionId': 27, 'departRegionId': 27}"
False,1,2,20.0014,True,unknown,[],"{'days': [], 'countries': [{'country_id': 9, 'day': None}], 'regions': [{'region_id': 8, 'day': None}, {'region_id': 7, 'day': None}], 'pois': [], 'regionNotGo': [], 'poiNotGo': [], 'regionSorted': [], 'availableMonths': [], 'price': [1886, 25660], 'hotelRating': None, 'arrivalRegionId': 8, 'departRegionId': 7}"
True,1,0,0.0005,False,True,"[249, 250]","{'days': [], 'countries': [{'country_id': 9, 'day': None}], 'regions': [], 'pois': [], 'regionNotGo': [], 'poiNotGo': [], 'regionSorted': [], 'availableMonths': [], 'price': [], 'hotelRating': None, 'arrivalRegionId': None, 'departRegionId': None}"
True,1,0,0.0444,False,True,"[985, 2325, 4351]","{'days': [], 'countries': [{'country_id': 9, 'day': None}], 'regions': [], 'pois': [], 'regionNotGo': [], 'poiNotGo': [], 'regionSorted': [], 'availableMonths': [], 'price': [1210, 22521], 'hotelRating': None, 'arrivalRegionId': 8, 'departRegionId': 8}"
True,1,0,0.0452,False,True,"[985, 2325, 4351]","{'days': [], 'countries': [{'country_id': 9, 'day': None}], 'regions': [], 'pois': [], 'regionNotGo': [], 'poiNotGo': [], 'regionSorted': [], 'availableMonths': [], 'price': [1210, 22521], 'hotelRating': None, 'arrivalRegionId': 8, 'departRegionId': 8}"
True,1,0,0.0283,False,True,"[173, 5075, 3917, 3918]","{'days': [], 'countries': [{'country_id': 2, 'day': None}], 'regions': [], 'pois': [], 'regionNotGo': [], 'poiNotGo': [], 'regionSorted': [], 'availableMonths': [], 'price': [], 'hotelRating': None, 'arrivalRegionId': None, 'departRegionId': None}"
True,1,0,0.0273,False,True,"[173, 5075, 3917, 3918]","{'days': [], 'countries': [{'country_id': 2, 'day': None}], 'regions': [], 'pois': [], 'regionNotGo': [], 'poiNotGo': [], 'regionSorted': [], 'availableMonths': [], 'price': [1886, 25660], 'hotelRating': None, 'arrivalRegionId': None, 'departRegionId': None}"
True,1,0,0.0277,False,True,"[173, 5075, 3917, 3918]","{'days': [], 'countries': [{'country_id': 2, 'day': None}], 'regions': [], 'pois': [], 'regionNotGo': [], 'poiNotGo': [], 'regionSorted': [], 'availableMonths': [], 'price': [], 'hotelRating': None, 'arrivalRegionId': None, 'departRegionId': None}"
True,1,0,0.0019,False,True,"[956, 957, 958, 959, 960, 961, 2504, 963, 964]","{'days': [], 'countries': [{'country_id': 24, 'day': None}], 'regions': [], 'pois': [], 'regionNotGo': [], 'poiNotGo': [], 'regionSorted': [], 'availableMonths': [], 'price': [], 'hotelRating': None, 'arrivalRegionId': None, 'departRegionId': None}"
True,1,0,0.0005,False,True,"[249, 250]","{'days': [], 'countries': [{'country_id': 9, 'day': None}], 'regions': [], 'pois': [], 'regionNotGo': [], 'poiNotGo': [], 'regionSorted': [], 'availableMonths': [], 'price': [], 'hotelRating': None, 'arrivalRegionId': None, 'departRegionId': None}"
True,3,0,0.0005,False,True,"[249, 250]","{'days': [], 'countries': [{'country_id': 9, 'day': None}, {'country_id': 18, 'day': None}, {'country_id': 19, 'day': None}], 'regions': [], 'pois': [], 'regionNotGo': [], 'poiNotGo': [], 'regionSorted': [], 'availableMonths': [], 'price': [], 'hotelRating': None, 'arrivalRegionId': None, 'departRegionId': None}"
False,1,1,20.0205,True,unknown,[],"{'days': [], 'countries': [{'country_id': 24, 'day': None}], 'regions': [{'region_id': 157, 'day': None}], 'pois': [], 'regionNotGo': [], 'poiNotGo': [], 'regionSorted': [], 'availableMonths': [], 'price': [2114, 8202], 'hotelRating': None, 'arrivalRegionId': None, 'departRegionId': None}"
False,1,1,20.0176,True,unknown,[],"{'days': [], 'countries': [{'country_id': 24, 'day': None}], 'regions': [{'region_id': 157, 'day': None}], 'pois': [], 'regionNotGo': [], 'poiNotGo': [], 'regionSorted': [], 'availableMonths': [], 'price': [2114, 8202], 'hotelRating': None, 'arrivalRegionId': None, 'departRegionId': None}"
False,1,1,20.0007,True,unknown,[],"{'days': [], 'countries': [{'country_id': 24, 'day': None}], 'regions': [{'region_id': 157, 'day': None}], 'pois': [], 'regionNotGo': [], 'poiNotGo': [], 'regionSorted': [], 'availableMonths': [], 'price': [2100, 18000], 'hotelRating': None, 'arrivalRegionId': None, 'departRegionId': None}"
False,3,3,20.0121,True,unknown,[],"{'days': [], 'countries': [{'country_id': 9, 'day': None}, {'country_id': 18, 'day': None}, {'country_id': 19, 'day': None}], 'regions': [{'region_id': 8, 'day': None}, {'region_id': 1, 'day': None}, {'region_id': 12, 'day': None}], 'pois': [], 'regionNotGo': [], 'poiNotGo': [], 'regionSorted': [], 'availableMonths': [], 'price': [6411, 33564], 'hotelRating': None, 'arrivalRegionId': None, 'departRegionId': None}"
False,1,1,20.0054,True,unknown,[],"{'days': [], 'countries': [{'country_id': 24, 'day': None}], 'regions': [{'region_id': 157, 'day': None}], 'pois': [], 'regionNotGo': [], 'poiNotGo': [], 'regionSorted': [], 'availableMonths': [], 'price': [2100, 18000], 'hotelRating': None, 'arrivalRegionId': None, 'departRegionId': None}"
False,3,3,20.0681,True,unknown,[],"{'days': [], 'countries': [{'country_id': 9, 'day': None}, {'country_id': 18, 'day': None}, {'country_id': 19, 'day': None}], 'regions': [{'region_id': 8, 'day': None}, {'region_id': 1, 'day': None}, {'region_id': 12, 'day': None}], 'pois': [], 'regionNotGo': [], 'poiNotGo': [], 'regionSorted': [], 'availableMonths': [], 'price': [6411, 33564], 'hotelRating': None, 'arrivalRegionId': None, 'departRegionId': None}"
True,3,0,0.0005,False,True,"[249, 250]","{'days': [], 'countries': [{'country_id': 9, 'day': None}, {'country_id': 18, 'day': None}, {'country_id': 19, 'day': None}], 'regions': [], 'pois': [], 'regionNotGo': [], 'poiNotGo': [], 'regionSorted': [], 'availableMonths': [], 'price': [], 'hotelRating': None, 'arrivalRegionId': None, 'departRegionId': None}"
True,3,0,0.0107,False,True,"[249, 250, 4079]","{'days': [], 'countries': [{'country_id': 9, 'day': None}, {'country_id': 18, 'day': None}, {'country_id': 19, 'day': None}], 'regions': [], 'pois': [], 'regionNotGo': [], 'poiNotGo': [], 'regionSorted': [], 'availableMonths': [], 'price': [6411, 33564], 'hotelRating': None, 'arrivalRegionId': None, 'departRegionId': None}"
True,1,0,0.0262,False,True,"[173, 5075, 3917, 3918]","{'days': [], 'countries': [{'country_id': 2, 'day': None}], 'regions': [], 'pois': [], 'regionNotGo': [], 'poiNotGo': [], 'regionSorted': [], 'availableMonths': [], 'price': [], 'hotelRating': None, 'arrivalRegionId': None, 'departRegionId': None}"
True,2,0,0.0004,False,True,"[249, 250]","{'days': [], 'countries': [{'country_id': 9, 'day': None}, {'country_id': 18, 'day': None}], 'regions': [], 'pois': [], 'regionNotGo': [], 'poiNotGo': [], 'regionSorted': [], 'availableMonths': [], 'price': [], 'hotelRating': None, 'arrivalRegionId': None, 'departRegionId': None}"
True,2,0,0.0005,False,True,"[249, 250]","{'days': [], 'countries': [{'country_id': 9, 'day': None}, {'country_id': 18, 'day': None}], 'regions': [], 'pois': [], 'regionNotGo': [], 'poiNotGo': [], 'regionSorted': [], 'availableMonths': [], 'price': [2644, 19250], 'hotelRating': None, 'arrivalRegionId': None, 'departRegionId': None}"
False,2,2,20.0217,True,unknown,[],"{'days': [], 'countries': [{'country_id': 9, 'day': None}, {'country_id': 18, 'day': None}], 'regions': [{'region_id': 8, 'day': None}, {'region_id': 1, 'day': None}], 'pois': [], 'regionNotGo': [], 'poiNotGo': [], 'regionSorted': [], 'availableMonths': [], 'price': [2644, 19250], 'hotelRating': None, 'arrivalRegionId': None, 'departRegionId': None}"
True,1,0,0.0287,False,True,"[173, 5075, 3917, 3918]","{'days': [], 'countries': [{'country_id': 2, 'day': None}], 'regions': [], 'pois': [], 'regionNotGo': [], 'poiNotGo': [], 'regionSorted': [], 'availableMonths': [], 'price': [], 'hotelRating': None, 'arrivalRegionId': None, 'departRegionId': None}"
True,1,0,0.0262,False,True,"[173, 5075, 3917, 3918]","{'days': [], 'countries': [{'country_id': 2, 'day': None}], 'regions': [], 'pois': [], 'regionNotGo': [], 'poiNotGo': [], 'regionSorted': [], 'availableMonths': [], 'price': [], 'hotelRating': None, 'arrivalRegionId': None, 'departRegionId': None}"
True,1,0,0.0264,False,True,"[173, 5075, 3917, 3918]","{'days': [], 'countries': [{'country_id': 2, 'day': None}], 'regions': [], 'pois': [], 'regionNotGo': [], 'poiNotGo': [], 'regionSorted': [], 'availableMonths': [], 'price': [], 'hotelRating': None, 'arrivalRegionId': None, 'departRegionId': None}"
True,1,0,0.0274,False,True,"[173, 5075, 3917, 3918]","{'days': [], 'countries': [{'country_id': 2, 'day': None}], 'regions': [], 'pois': [], 'regionNotGo': [], 'poiNotGo': [], 'regionSorted': [], 'availableMonths': [], 'price': [], 'hotelRating': None, 'arrivalRegionId': None, 'departRegionId': None}"
True,1,0,0.0264,False,True,"[173, 5075, 3917, 3918]","{'days': [], 'countries': [{'country_id': 2, 'day': None}], 'regions': [], 'pois': [], 'regionNotGo': [], 'poiNotGo': [], 'regionSorted': [], 'availableMonths': [], 'price': [], 'hotelRating': None, 'arrivalRegionId': None, 'departRegionId': None}"
True,1,0,0.0279,False,True,"[173, 5075, 3917, 3918]","{'days': [], 'countries': [{'country_id': 2, 'day': None}], 'regions': [], 'pois': [], 'regionNotGo': [], 'poiNotGo': [], 'regionSorted': [], 'availableMonths': [], 'price': [], 'hotelRating': None, 'arrivalRegionId': None, 'departRegionId': None}"
True,1,0,0.0283,False,True,"[173, 5075, 3917, 3918]","{'days': [], 'countries': [{'country_id': 2, 'day': None}], 'regions': [], 'pois': [], 'regionNotGo': [], 'poiNotGo': [], 'regionSorted': [], 'availableMonths': [], 'price': [1800, 44400], 'hotelRating': None, 'arrivalRegionId': None, 'departRegionId': None}"
True,1,0,0.028,False,True,"[173, 5075, 3917, 3918]","{'days': [], 'countries': [{'country_id': 2, 'day': None}], 'regions': [], 'pois': [], 'regionNotGo': [], 'poiNotGo': [], 'regionSorted': [], 'availableMonths': [], 'price': [], 'hotelRating': None, 'arrivalRegionId': None, 'departRegionId': None}"
False,1,3,20.0178,True,unknown,[],"{'days': [], 'countries': [{'country_id': 2, 'day': None}], 'regions': [{'region_id': 54, 'day': None}, {'region_id': 56, 'day': None}, {'region_id': 59, 'day': None}], 'pois': [], 'regionNotGo': [], 'poiNotGo': [], 'regionSorted': [], 'availableMonths': [], 'price': [1800, 44400], 'hotelRating': None, 'arrivalRegionId': None, 'departRegionId': None}"
True,1,0,0.0305,False,True,"[173, 5075, 3917, 3918]","{'days': [], 'countries': [{'country_id': 2, 'day': None}], 'regions': [], 'pois': [], 'regionNotGo': [], 'poiNotGo': [], 'regionSorted': [], 'availableMonths': [], 'price': [], 'hotelRating': None, 'arrivalRegionId': None, 'departRegionId': None}"
True,3,0,0.0006,False,True,"[249, 250]","{'days': [], 'countries': [{'country_id': 9, 'day': None}, {'country_id': 18, 'day': None}, {'country_id': 19, 'day': None}], 'regions': [], 'pois': [], 'regionNotGo': [], 'poiNotGo': [], 'regionSorted': [], 'availableMonths': [], 'price': [], 'hotelRating': None, 'arrivalRegionId': None, 'departRegionId': None}"
True,1,0,0.0279,False,True,"[173, 5075, 3917, 3918]","{'days': [], 'countries': [{'country_id': 2, 'day': None}], 'regions': [], 'pois': [], 'regionNotGo': [], 'poiNotGo': [], 'regionSorted': [], 'availableMonths': [], 'price': [], 'hotelRating': None, 'arrivalRegionId': None, 'departRegionId': None}"
True,3,0,0.0126,False,True,"[249, 250, 4079]","{'days': [], 'countries': [{'country_id': 9, 'day': None}, {'country_id': 18, 'day': None}, {'country_id': 19, 'day': None}], 'regions': [], 'pois': [], 'regionNotGo': [], 'poiNotGo': [], 'regionSorted': [], 'availableMonths': [], 'price': [6411, 33564], 'hotelRating': None, 'arrivalRegionId': None, 'departRegionId': None}"
True,3,0,0.0092,False,True,"[249, 250, 4079]","{'days': [], 'countries': [{'country_id': 9, 'day': None}, {'country_id': 18, 'day': None}, {'country_id': 19, 'day': None}], 'regions': [], 'pois': [], 'regionNotGo': [], 'poiNotGo': [], 'regionSorted': [], 'availableMonths': [], 'price': [6411, 33564], 'hotelRating': None, 'arrivalRegionId': None, 'departRegionId': None}"
True,1,0,5.9854,False,True,"[173, 174, 175, 176, 177, 7038, 3903]","{'days': [], 'countries': [{'country_id': 2, 'day': None}], 'regions': [], 'pois': [], 'regionNotGo': [], 'poiNotGo': [], 'regionSorted': [], 'availableMonths': [], 'price': [8400, 24400], 'hotelRating': None, 'arrivalRegionId': None, 'departRegionId': None}"
True,1,0,5.9773,False,True,"[173, 174, 175, 176, 177, 7038, 3903]","{'days': [], 'countries': [{'country_id': 2, 'day': None}], 'regions': [], 'pois': [], 'regionNotGo': [], 'poiNotGo': [], 'regionSorted': [], 'availableMonths': [], 'price': [8400, 24400], 'hotelRating': None, 'arrivalRegionId': None, 'departRegionId': None}"
True,1,0,0.0025,False,True,"[146, 670]","{'days': [], 'countries': [{'country_id': 22, 'day': None}], 'regions': [], 'pois': [], 'regionNotGo': [], 'poiNotGo': [], 'regionSorted': [], 'availableMonths': [], 'price': [], 'hotelRating': None, 'arrivalRegionId': None, 'departRegionId': None}"
